<?xml version="1.0" encoding="UTF-8"?>
<Root VersionMajor="1" VersionMinor="15">
  <GenAppInfo Name="Vivado" Version="2023.2" CL="4029153" TimeStamp="Fri Nov 10 13:22:26 2023"/>
  <DSA Vendor="xilinx" BoardId="zybo-z7-10" Name="" VersionMajor="0" VersionMinor="0" Description="Vivado generated Hardware Platform" FeatureRomTimestamp="0" DcpLogicFunctionStripped="false" DcpEncrypt="false" Unified="true" Fixed="true" DefaultOutputType="hw_export">
    <Build UsesPR="false" PlatformState="pre_synth" AcceleratorBinaryContent="bitstream" ValidBinaryContentValues="dcp,bitstream" TopModuleName="tutorial_bd_wrapper"/>
    <Board Name="digilentinc.com:zybo-z7-10:1.2" Vendor="digilentinc.com" Part="xc7z010clg400-1" BoardPart="digilentinc.com:zybo-z7-10:part0:1.2">
      <Images>
        <Img Type="HDPI" File=""/>
        <Img Type="MDPI" File=""/>
        <Img Type="LDPI" File=""/>
      </Images>
    </Board>
    <Devices>
      <Device Name="fpga0" Type="8" FpgaDevice="zynq:xc7z010:clg400:-1">
        <Core Name="OCL_REGION_0" Type="clc_region" ComputeUnits="60">
          <AvailableResources LUT="17012" REG="34391" BRAM="60" DSP="80"/>
        </Core>
      </Device>
    </Devices>
    <Files>
      <File Type="FULL_BIT" Name="tutorial_bd_wrapper.bit"/>
    </Files>
  </DSA>
</Root>
