{
  "version": "2023.2",
  "applications": [],
  "platforms": [
    {
      "name": "tutorial_bd_wrapper"
    }
  ],
  "systems": [
    {
      "name": "tutorial_system",
      "platform": "/home/dev/workspace/tutorial_bd_wrapper/export/tutorial_bd_wrapper/tutorial_bd_wrapper.xpfm",
      "sysConfig": "tutorial_bd_wrapper",
      "buildConfig": "Debug",
      "applications": [
        {
          "name": "tutorial",
          "platform": "/home/dev/workspace/tutorial_bd_wrapper/export/tutorial_bd_wrapper/tutorial_bd_wrapper.xpfm",
          "platformPath": "/home/dev/workspace/tutorial_bd_wrapper/export/tutorial_bd_wrapper",
          "sysConfig": "tutorial_bd_wrapper",
          "domain": "standalone_ps7_cortexa9_0",
          "system": "tutorial_system"
        }
      ],
      "platformPath": "/home/dev/workspace/tutorial_bd_wrapper/export/tutorial_bd_wrapper"
    }
  ],
  "others": []
}